URL,文件名,站内正文入链数(不含自身/导航),在导航或页脚(全站),优先级分组,已请求索引✓
https://www.kestrelmetal.com/blog.html,blog.html,0,否,"P1-最高优先(内链≤2,极可能就在150页内)",
https://www.kestrelmetal.com/blog-hs-codes-wire-mesh-fencing-export.html,blog-hs-codes-wire-mesh-fencing-export.html,1,否,"P1-最高优先(内链≤2,极可能就在150页内)",
https://www.kestrelmetal.com/blog-nato22-vs-astm-razor-wire.html,blog-nato22-vs-astm-razor-wire.html,1,否,"P1-最高优先(内链≤2,极可能就在150页内)",
https://www.kestrelmetal.com/blog-solar-farm-fence-specification-guide.html,blog-solar-farm-fence-specification-guide.html,1,否,"P1-最高优先(内链≤2,极可能就在150页内)",
https://www.kestrelmetal.com/case-study-mining-vibrating-screen-replacement.html,case-study-mining-vibrating-screen-replacement.html,1,否,"P1-最高优先(内链≤2,极可能就在150页内)",
https://www.kestrelmetal.com/case-study-residential-community-fencing.html,case-study-residential-community-fencing.html,1,否,"P1-最高优先(内链≤2,极可能就在150页内)",
https://www.kestrelmetal.com/download-3d-panel-installation-manual.html,download-3d-panel-installation-manual.html,1,否,"P1-最高优先(内链≤2,极可能就在150页内)",
https://www.kestrelmetal.com/download-ce-marking-declaration.html,download-ce-marking-declaration.html,1,否,"P1-最高优先(内链≤2,极可能就在150页内)",
https://www.kestrelmetal.com/download-chain-link-installation-guide.html,download-chain-link-installation-guide.html,1,否,"P1-最高优先(内链≤2,极可能就在150页内)",
https://www.kestrelmetal.com/download-coating-specifications-guide.html,download-coating-specifications-guide.html,1,否,"P1-最高优先(内链≤2,极可能就在150页内)",
https://www.kestrelmetal.com/download-fence-panel-cad-library.html,download-fence-panel-cad-library.html,1,否,"P1-最高优先(内链≤2,极可能就在150页内)",
https://www.kestrelmetal.com/download-fence-panel-load-capacity.html,download-fence-panel-load-capacity.html,1,否,"P1-最高优先(内链≤2,极可能就在150页内)",
https://www.kestrelmetal.com/download-gate-hardware-cad-models.html,download-gate-hardware-cad-models.html,1,否,"P1-最高优先(内链≤2,极可能就在150页内)",
https://www.kestrelmetal.com/download-iso-9001-certificate.html,download-iso-9001-certificate.html,1,否,"P1-最高优先(内链≤2,极可能就在150页内)",
https://www.kestrelmetal.com/download-material-test-reports.html,download-material-test-reports.html,1,否,"P1-最高优先(内链≤2,极可能就在150页内)",
https://www.kestrelmetal.com/download-post-foundation-details.html,download-post-foundation-details.html,1,否,"P1-最高优先(内链≤2,极可能就在150页内)",
https://www.kestrelmetal.com/download-wire-mesh-technical-datasheet.html,download-wire-mesh-technical-datasheet.html,1,否,"P1-最高优先(内链≤2,极可能就在150页内)",
https://www.kestrelmetal.com/factory-audit.html,factory-audit.html,1,否,"P1-最高优先(内链≤2,极可能就在150页内)",
https://www.kestrelmetal.com/privacy-chain-link.html,privacy-chain-link.html,1,否,"P1-最高优先(内链≤2,极可能就在150页内)",
https://www.kestrelmetal.com/s-knot.html,s-knot.html,1,否,"P1-最高优先(内链≤2,极可能就在150页内)",
https://www.kestrelmetal.com/welded-gabion-galvanized.html,welded-gabion-galvanized.html,1,否,"P1-最高优先(内链≤2,极可能就在150页内)",
https://www.kestrelmetal.com/welded-gabion-pvc.html,welded-gabion-pvc.html,1,否,"P1-最高优先(内链≤2,极可能就在150页内)",
https://www.kestrelmetal.com/welded-gabion-stainless.html,welded-gabion-stainless.html,1,否,"P1-最高优先(内链≤2,极可能就在150页内)",
https://www.kestrelmetal.com/acc-c-rings.html,acc-c-rings.html,2,否,"P1-最高优先(内链≤2,极可能就在150页内)",
https://www.kestrelmetal.com/acc-helicals-spiral.html,acc-helicals-spiral.html,2,否,"P1-最高优先(内链≤2,极可能就在150页内)",
https://www.kestrelmetal.com/acc-hook-connection.html,acc-hook-connection.html,2,否,"P1-最高优先(内链≤2,极可能就在150页内)",
https://www.kestrelmetal.com/acc-u-clips.html,acc-u-clips.html,2,否,"P1-最高优先(内链≤2,极可能就在150页内)",
https://www.kestrelmetal.com/barbed-wire-double-twist.html,barbed-wire-double-twist.html,2,否,"P1-最高优先(内链≤2,极可能就在150页内)",
https://www.kestrelmetal.com/barbed-wire-traditional.html,barbed-wire-traditional.html,2,否,"P1-最高优先(内链≤2,极可能就在150页内)",
https://www.kestrelmetal.com/blog-galvanized-chain-link-fence-maintenance.html,blog-galvanized-chain-link-fence-maintenance.html,2,否,"P1-最高优先(内链≤2,极可能就在150页内)",
https://www.kestrelmetal.com/blog-specification-sheet.html,blog-specification-sheet.html,2,否,"P1-最高优先(内链≤2,极可能就在150页内)",
https://www.kestrelmetal.com/blog-welded-wire-mesh-technical.html,blog-welded-wire-mesh-technical.html,2,否,"P1-最高优先(内链≤2,极可能就在150页内)",
https://www.kestrelmetal.com/blog-wire-mesh-for-concrete-reinforcement.html,blog-wire-mesh-for-concrete-reinforcement.html,2,否,"P1-最高优先(内链≤2,极可能就在150页内)",
https://www.kestrelmetal.com/case-study-cattle-ranch-fencing.html,case-study-cattle-ranch-fencing.html,2,否,"P1-最高优先(内链≤2,极可能就在150页内)",
https://www.kestrelmetal.com/download-gabion-assembly-instructions.html,download-gabion-assembly-instructions.html,2,否,"P1-最高优先(内链≤2,极可能就在150页内)",
https://www.kestrelmetal.com/download-stainless-screen-mesh-specification.html,download-stainless-screen-mesh-specification.html,2,否,"P1-最高优先(内链≤2,极可能就在150页内)",
https://www.kestrelmetal.com/dutch-weave-screen-mesh.html,dutch-weave-screen-mesh.html,2,否,"P1-最高优先(内链≤2,极可能就在150页内)",
https://www.kestrelmetal.com/gabion-boxes-supplier-find-the-best-for-your-project.html,gabion-boxes-supplier-find-the-best-for-your-project.html,2,否,"P1-最高优先(内链≤2,极可能就在150页内)",
https://www.kestrelmetal.com/gabion-retaining-structures.html,gabion-retaining-structures.html,2,否,"P1-最高优先(内链≤2,极可能就在150页内)",
https://www.kestrelmetal.com/galvanized-chain-link-fence-specs-benefits-buying-guide.html,galvanized-chain-link-fence-specs-benefits-buying-guide.html,2,否,"P1-最高优先(内链≤2,极可能就在150页内)",
https://www.kestrelmetal.com/hexagonal-wire-galvanized.html,hexagonal-wire-galvanized.html,2,否,"P1-最高优先(内链≤2,极可能就在150页内)",
https://www.kestrelmetal.com/hexagonal-wire-pvc.html,hexagonal-wire-pvc.html,2,否,"P1-最高优先(内链≤2,极可能就在150页内)",
https://www.kestrelmetal.com/hexagonal-wire-stainless.html,hexagonal-wire-stainless.html,2,否,"P1-最高优先(内链≤2,极可能就在150页内)",
https://www.kestrelmetal.com/hinge-joint-knot.html,hinge-joint-knot.html,2,否,"P1-最高优先(内链≤2,极可能就在150页内)",
https://www.kestrelmetal.com/nickel-mesh.html,nickel-mesh.html,2,否,"P1-最高优先(内链≤2,极可能就在150页内)",
https://www.kestrelmetal.com/non-climb-horse-fence.html,non-climb-horse-fence.html,2,否,"P1-最高优先(内链≤2,极可能就在150页内)",
https://www.kestrelmetal.com/razor-wire-fish-hook.html,razor-wire-fish-hook.html,2,否,"P1-最高优先(内链≤2,极可能就在150页内)",
https://www.kestrelmetal.com/razor-wire-straight.html,razor-wire-straight.html,2,否,"P1-最高优先(内链≤2,极可能就在150页内)",
https://www.kestrelmetal.com/sheep-goat-fence.html,sheep-goat-fence.html,2,否,"P1-最高优先(内链≤2,极可能就在150页内)",
https://www.kestrelmetal.com/v-mesh-security-fence.html,v-mesh-security-fence.html,2,否,"P1-最高优先(内链≤2,极可能就在150页内)",
https://www.kestrelmetal.com/welded-mesh-711.html,welded-mesh-711.html,2,否,"P1-最高优先(内链≤2,极可能就在150页内)",
https://www.kestrelmetal.com/welded-mesh-712.html,welded-mesh-712.html,2,否,"P1-最高优先(内链≤2,极可能就在150页内)",
https://www.kestrelmetal.com/welded-mesh-713.html,welded-mesh-713.html,2,否,"P1-最高优先(内链≤2,极可能就在150页内)",
https://www.kestrelmetal.com/welded-mesh-714.html,welded-mesh-714.html,2,否,"P1-最高优先(内链≤2,极可能就在150页内)",
https://www.kestrelmetal.com/welded-mesh-715.html,welded-mesh-715.html,2,否,"P1-最高优先(内链≤2,极可能就在150页内)",
https://www.kestrelmetal.com/welded-mesh-716.html,welded-mesh-716.html,2,否,"P1-最高优先(内链≤2,极可能就在150页内)",
https://www.kestrelmetal.com/welded-mesh-717.html,welded-mesh-717.html,2,否,"P1-最高优先(内链≤2,极可能就在150页内)",
https://www.kestrelmetal.com/welded-mesh-718.html,welded-mesh-718.html,2,否,"P1-最高优先(内链≤2,极可能就在150页内)",
https://www.kestrelmetal.com/welded-mesh-719.html,welded-mesh-719.html,2,否,"P1-最高优先(内链≤2,极可能就在150页内)",
https://www.kestrelmetal.com/welded-mesh-720.html,welded-mesh-720.html,2,否,"P1-最高优先(内链≤2,极可能就在150页内)",
https://www.kestrelmetal.com/welded-mesh-721.html,welded-mesh-721.html,2,否,"P1-最高优先(内链≤2,极可能就在150页内)",
https://www.kestrelmetal.com/welded-mesh-722.html,welded-mesh-722.html,2,否,"P1-最高优先(内链≤2,极可能就在150页内)",
https://www.kestrelmetal.com/y-post-security-fence.html,y-post-security-fence.html,2,否,"P1-最高优先(内链≤2,极可能就在150页内)",
https://www.kestrelmetal.com/acc-lacing-wire.html,acc-lacing-wire.html,3,否,P2-高优先(内链3-5),
https://www.kestrelmetal.com/barbed-wire-single-twist.html,barbed-wire-single-twist.html,3,否,P2-高优先(内链3-5),
https://www.kestrelmetal.com/blog-ce-ukca-reach-wire-mesh-compliance.html,blog-ce-ukca-reach-wire-mesh-compliance.html,3,否,P2-高优先(内链3-5),
https://www.kestrelmetal.com/blog-chain-link-yard.html,blog-chain-link-yard.html,3,否,P2-高优先(内链3-5),
https://www.kestrelmetal.com/blog-gabion-box-selection-guide.html,blog-gabion-box-selection-guide.html,3,否,P2-高优先(内链3-5),
https://www.kestrelmetal.com/blog-razor-wire-vs-barbed-wire.html,blog-razor-wire-vs-barbed-wire.html,3,否,P2-高优先(内链3-5),
https://www.kestrelmetal.com/blog-sustainable-manufacturing-award.html,blog-sustainable-manufacturing-award.html,3,否,P2-高优先(内链3-5),
https://www.kestrelmetal.com/case-study-highway-safety-barrier.html,case-study-highway-safety-barrier.html,3,否,P2-高优先(内链3-5),
https://www.kestrelmetal.com/case-study-petrochemical-plant-security.html,case-study-petrochemical-plant-security.html,3,否,P2-高优先(内链3-5),
https://www.kestrelmetal.com/deer-fence.html,deer-fence.html,3,否,P2-高优先(内链3-5),
https://www.kestrelmetal.com/esg.html,esg.html,3,否,P2-高优先(内链3-5),
https://www.kestrelmetal.com/fixed-knot-fence.html,fixed-knot-fence.html,3,否,P2-高优先(内链3-5),
https://www.kestrelmetal.com/plain-weave-screen-mesh.html,plain-weave-screen-mesh.html,3,否,P2-高优先(内链3-5),
https://www.kestrelmetal.com/powder-coated.html,powder-coated.html,3,否,P2-高优先(内链3-5),
https://www.kestrelmetal.com/pvc-coated.html,pvc-coated.html,3,否,P2-高优先(内链3-5),
https://www.kestrelmetal.com/razor-wire-cross.html,razor-wire-cross.html,3,否,P2-高优先(内链3-5),
https://www.kestrelmetal.com/razor-wire-flat-wrap.html,razor-wire-flat-wrap.html,3,否,P2-高优先(内链3-5),
https://www.kestrelmetal.com/razor-wire-long-blade.html,razor-wire-long-blade.html,3,否,P2-高优先(内链3-5),
https://www.kestrelmetal.com/razor-wire-welded-mesh.html,razor-wire-welded-mesh.html,3,否,P2-高优先(内链3-5),
https://www.kestrelmetal.com/reno-mattress.html,reno-mattress.html,3,否,P2-高优先(内链3-5),
https://www.kestrelmetal.com/twill-weave-screen-mesh.html,twill-weave-screen-mesh.html,3,否,P2-高优先(内链3-5),
https://www.kestrelmetal.com/window-screen.html,window-screen.html,3,否,P2-高优先(内链3-5),
https://www.kestrelmetal.com/yard-garden-fence.html,yard-garden-fence.html,3,否,P2-高优先(内链3-5),
https://www.kestrelmetal.com/barbed-wire-galvanized.html,barbed-wire-galvanized.html,4,否,P2-高优先(内链3-5),
https://www.kestrelmetal.com/barbed-wire-pvc.html,barbed-wire-pvc.html,4,否,P2-高优先(内链3-5),
https://www.kestrelmetal.com/blog-alloy-coating-salt-spray.html,blog-alloy-coating-salt-spray.html,4,否,P2-高优先(内链3-5),
https://www.kestrelmetal.com/blog-automated-production-line.html,blog-automated-production-line.html,4,否,P2-高优先(内链3-5),
https://www.kestrelmetal.com/blog-chain-link-fence-buying-guide.html,blog-chain-link-fence-buying-guide.html,4,否,P2-高优先(内链3-5),
https://www.kestrelmetal.com/blog-fence-comparison-3d-chain-link-palisade.html,blog-fence-comparison-3d-chain-link-palisade.html,4,否,P2-高优先(内链3-5),
https://www.kestrelmetal.com/blog-hexagonal-vs-gabion-mesh.html,blog-hexagonal-vs-gabion-mesh.html,4,否,P2-高优先(内链3-5),
https://www.kestrelmetal.com/blog-history-of-gabion.html,blog-history-of-gabion.html,4,否,P2-高优先(内链3-5),
https://www.kestrelmetal.com/blog-materials-welded-wire-mesh.html,blog-materials-welded-wire-mesh.html,4,否,P2-高优先(内链3-5),
https://www.kestrelmetal.com/blog-squirrel-proof-wire-mesh.html,blog-squirrel-proof-wire-mesh.html,4,否,P2-高优先(内链3-5),
https://www.kestrelmetal.com/chain-link-security-fence.html,chain-link-security-fence.html,4,否,P2-高优先(内链3-5),
https://www.kestrelmetal.com/epoxy-coated-wire-mesh.html,epoxy-coated-wire-mesh.html,4,否,P2-高优先(内链3-5),
https://www.kestrelmetal.com/hot-dip-galvanized.html,hot-dip-galvanized.html,4,否,P2-高优先(内链3-5),
https://www.kestrelmetal.com/insight.html,insight.html,4,否,P2-高优先(内链3-5),
https://www.kestrelmetal.com/pvc-coated-chain-link.html,pvc-coated-chain-link.html,4,否,P2-高优先(内链3-5),
https://www.kestrelmetal.com/razor-wire-btc.html,razor-wire-btc.html,4,否,P2-高优先(内链3-5),
https://www.kestrelmetal.com/razor-wire-single-coil.html,razor-wire-single-coil.html,4,否,P2-高优先(内链3-5),
https://www.kestrelmetal.com/welded-mesh-panel-stainless.html,welded-mesh-panel-stainless.html,4,否,P2-高优先(内链3-5),
https://www.kestrelmetal.com/welded-mesh-security-fence.html,welded-mesh-security-fence.html,4,否,P2-高优先(内链3-5),
https://www.kestrelmetal.com/barbed-wire-concertina.html,barbed-wire-concertina.html,5,否,P2-高优先(内链3-5),
https://www.kestrelmetal.com/blog-architectural-wire-mesh.html,blog-architectural-wire-mesh.html,5,否,P2-高优先(内链3-5),
https://www.kestrelmetal.com/blog-barbed-wire-cost-calculation.html,blog-barbed-wire-cost-calculation.html,5,否,P2-高优先(内链3-5),
https://www.kestrelmetal.com/blog-razor-coils-7-things.html,blog-razor-coils-7-things.html,5,否,P2-高优先(内链3-5),
https://www.kestrelmetal.com/blog-sintered-filters.html,blog-sintered-filters.html,5,否,P2-高优先(内链3-5),
https://www.kestrelmetal.com/blog-steel-mesh-plastering.html,blog-steel-mesh-plastering.html,5,否,P2-高优先(内链3-5),
https://www.kestrelmetal.com/blog-weld-strength-matters.html,blog-weld-strength-matters.html,5,否,P2-高优先(内链3-5),
https://www.kestrelmetal.com/case-study-solar-farm-perimeter-security.html,case-study-solar-farm-perimeter-security.html,5,否,P2-高优先(内链3-5),
https://www.kestrelmetal.com/double-twisted-gabion.html,double-twisted-gabion.html,5,否,P2-高优先(内链3-5),
https://www.kestrelmetal.com/galvanized-chain-link.html,galvanized-chain-link.html,5,否,P2-高优先(内链3-5),
https://www.kestrelmetal.com/welded-mesh-panel-pvc.html,welded-mesh-panel-pvc.html,5,否,P2-高优先(内链3-5),
https://www.kestrelmetal.com/blog-epoxy-vs-galvanised-woven-wire-mesh.html,blog-epoxy-vs-galvanised-woven-wire-mesh.html,6,否,P3-中优先(内链6-15),
https://www.kestrelmetal.com/blog-fence-liability-escaped-animals.html,blog-fence-liability-escaped-animals.html,6,否,P3-中优先(内链6-15),
https://www.kestrelmetal.com/blog-ss-welded-wire-mesh-guide.html,blog-ss-welded-wire-mesh-guide.html,6,否,P3-中优先(内链6-15),
https://www.kestrelmetal.com/blog-welded-mesh-715.html,blog-welded-mesh-715.html,6,否,P3-中优先(内链6-15),
https://www.kestrelmetal.com/rectangular-post.html,rectangular-post.html,6,否,P3-中优先(内链6-15),
https://www.kestrelmetal.com/round-post.html,round-post.html,6,否,P3-中优先(内链6-15),
https://www.kestrelmetal.com/square-post.html,square-post.html,6,否,P3-中优先(内链6-15),
https://www.kestrelmetal.com/welded-mesh-panel-galvanized.html,welded-mesh-panel-galvanized.html,6,否,P3-中优先(内链6-15),
https://www.kestrelmetal.com/358-security-fence.html,358-security-fence.html,7,否,P3-中优先(内链6-15),
https://www.kestrelmetal.com/blog-gabion-boxes-market-report-2034.html,blog-gabion-boxes-market-report-2034.html,7,否,P3-中优先(内链6-15),
https://www.kestrelmetal.com/blog-installation-mistakes.html,blog-installation-mistakes.html,7,否,P3-中优先(内链6-15),
https://www.kestrelmetal.com/blog-nato22-razor-wire.html,blog-nato22-razor-wire.html,7,否,P3-中优先(内链6-15),
https://www.kestrelmetal.com/blog-new-manufacturing-facility.html,blog-new-manufacturing-facility.html,7,否,P3-中优先(内链6-15),
https://www.kestrelmetal.com/blog-plain-vs-twill-weave.html,blog-plain-vs-twill-weave.html,7,否,P3-中优先(内链6-15),
https://www.kestrelmetal.com/blog-welded-vs-twisted-gabion.html,blog-welded-vs-twisted-gabion.html,7,否,P3-中优先(内链6-15),
https://www.kestrelmetal.com/gabion-mattresses.html,gabion-mattresses.html,7,否,P3-中优先(内链6-15),
https://www.kestrelmetal.com/blog-chain-link-selection.html,blog-chain-link-selection.html,8,否,P3-中优先(内链6-15),
https://www.kestrelmetal.com/blog-field-fence-installation.html,blog-field-fence-installation.html,8,否,P3-中优先(内链6-15),
https://www.kestrelmetal.com/case-study-wastewater-treatment.html,case-study-wastewater-treatment.html,8,否,P3-中优先(内链6-15),
https://www.kestrelmetal.com/blog-hexagonal-wire-mesh-global-impact.html,blog-hexagonal-wire-mesh-global-impact.html,9,否,P3-中优先(内链6-15),
https://www.kestrelmetal.com/blog-versatile-wire-mesh-products.html,blog-versatile-wire-mesh-products.html,9,否,P3-中优先(内链6-15),
https://www.kestrelmetal.com/case-study-flood-defence-roma.html,case-study-flood-defence-roma.html,10,否,P3-中优先(内链6-15),
https://www.kestrelmetal.com/gabion-boxes.html,gabion-boxes.html,10,否,P3-中优先(内链6-15),
https://www.kestrelmetal.com/blog-chain-link-evolution.html,blog-chain-link-evolution.html,11,否,P3-中优先(内链6-15),
https://www.kestrelmetal.com/blog-dual-fence-security.html,blog-dual-fence-security.html,11,否,P3-中优先(内链6-15),
https://www.kestrelmetal.com/blog-welded-mesh-711-714.html,blog-welded-mesh-711-714.html,11,否,P3-中优先(内链6-15),
https://www.kestrelmetal.com/blog-border-razor-wire-deployment.html,blog-border-razor-wire-deployment.html,12,否,P3-中优先(内链6-15),
https://www.kestrelmetal.com/blog-galvanized-vs-pvc.html,blog-galvanized-vs-pvc.html,12,否,P3-中优先(内链6-15),
https://www.kestrelmetal.com/blog-how-to-install-welded-gabion-boxes.html,blog-how-to-install-welded-gabion-boxes.html,12,否,P3-中优先(内链6-15),
https://www.kestrelmetal.com/blog-sustainable-infrastructure.html,blog-sustainable-infrastructure.html,12,否,P3-中优先(内链6-15),
https://www.kestrelmetal.com/blog-barb-wire-gates-tips.html,blog-barb-wire-gates-tips.html,14,否,P3-中优先(内链6-15),
https://www.kestrelmetal.com/blog-chain-link-replace.html,blog-chain-link-replace.html,14,否,P3-中优先(内链6-15),
https://www.kestrelmetal.com/support.html,support.html,0,是,P4-低优先(导航/页脚全站链接),
https://www.kestrelmetal.com/terms-conditions.html,terms-conditions.html,0,是,P4-低优先(导航/页脚全站链接),
https://www.kestrelmetal.com/catalogs.html,catalogs.html,1,是,P4-低优先(导航/页脚全站链接),
https://www.kestrelmetal.com/custom.html,custom.html,1,是,P4-低优先(导航/页脚全站链接),
https://www.kestrelmetal.com/glossary.html,glossary.html,1,是,P4-低优先(导航/页脚全站链接),
https://www.kestrelmetal.com/privacy-policy.html,privacy-policy.html,1,是,P4-低优先(导航/页脚全站链接),
https://www.kestrelmetal.com/about.html,about.html,2,是,P4-低优先(导航/页脚全站链接),
https://www.kestrelmetal.com/faq.html,faq.html,2,是,P4-低优先(导航/页脚全站链接),
https://www.kestrelmetal.com/wire-products.html,wire-products.html,3,是,P4-低优先(导航/页脚全站链接),
https://www.kestrelmetal.com/fence-accessories.html,fence-accessories.html,5,是,P4-低优先(导航/页脚全站链接),
https://www.kestrelmetal.com/service-custom-solutions.html,service-custom-solutions.html,6,是,P4-低优先(导航/页脚全站链接),
https://www.kestrelmetal.com/service-designer-services.html,service-designer-services.html,6,是,P4-低优先(导航/页脚全站链接),
https://www.kestrelmetal.com/service-fabrication.html,service-fabrication.html,6,是,P4-低优先(导航/页脚全站链接),
https://www.kestrelmetal.com/service-metal-finishing.html,service-metal-finishing.html,6,是,P4-低优先(导航/页脚全站链接),
https://www.kestrelmetal.com/service-packaging-logistics.html,service-packaging-logistics.html,6,是,P4-低优先(导航/页脚全站链接),
https://www.kestrelmetal.com/service-takeoffs-drawings.html,service-takeoffs-drawings.html,6,是,P4-低优先(导航/页脚全站链接),
https://www.kestrelmetal.com/services.html,services.html,6,是,P4-低优先(导航/页脚全站链接),
https://www.kestrelmetal.com/industries.html,industries.html,8,是,P4-低优先(导航/页脚全站链接),
https://www.kestrelmetal.com/industry-aquaculture.html,industry-aquaculture.html,8,是,P4-低优先(导航/页脚全站链接),
https://www.kestrelmetal.com/industry-oilgas.html,industry-oilgas.html,8,是,P4-低优先(导航/页脚全站链接),
https://www.kestrelmetal.com/industry-agriculture.html,industry-agriculture.html,9,是,P4-低优先(导航/页脚全站链接),
https://www.kestrelmetal.com/industry-construction.html,industry-construction.html,9,是,P4-低优先(导航/页脚全站链接),
https://www.kestrelmetal.com/industry-energy.html,industry-energy.html,9,是,P4-低优先(导航/页脚全站链接),
https://www.kestrelmetal.com/industry-infrastructure.html,industry-infrastructure.html,9,是,P4-低优先(导航/页脚全站链接),
https://www.kestrelmetal.com/industry-mining.html,industry-mining.html,9,是,P4-低优先(导航/页脚全站链接),
https://www.kestrelmetal.com/industry-residential.html,industry-residential.html,9,是,P4-低优先(导航/页脚全站链接),
https://www.kestrelmetal.com/case-studies.html,case-studies.html,11,是,P4-低优先(导航/页脚全站链接),
https://www.kestrelmetal.com/welded-wire-mesh-roll.html,welded-wire-mesh-roll.html,11,是,P4-低优先(导航/页脚全站链接),
https://www.kestrelmetal.com/woven-gabion-box.html,woven-gabion-box.html,11,是,P4-低优先(导航/页脚全站链接),
https://www.kestrelmetal.com/wire-barbed.html,wire-barbed.html,12,是,P4-低优先(导航/页脚全站链接),
https://www.kestrelmetal.com/fence-3d.html,fence-3d.html,13,是,P4-低优先(导航/页脚全站链接),
https://www.kestrelmetal.com/wire-razor.html,wire-razor.html,13,是,P4-低优先(导航/页脚全站链接),
https://www.kestrelmetal.com/hexagonal-wire.html,hexagonal-wire.html,14,是,P4-低优先(导航/页脚全站链接),
https://www.kestrelmetal.com/welded-wire-mesh.html,welded-wire-mesh.html,14,是,P4-低优先(导航/页脚全站链接),
https://www.kestrelmetal.com/woven-wire-mesh.html,woven-wire-mesh.html,14,是,P4-低优先(导航/页脚全站链接),
https://www.kestrelmetal.com/fence-farm.html,fence-farm.html,15,是,P4-低优先(导航/页脚全站链接),
https://www.kestrelmetal.com/stainless-screen-mesh.html,stainless-screen-mesh.html,15,是,P4-低优先(导航/页脚全站链接),
https://www.kestrelmetal.com/chain-link-fittings.html,chain-link-fittings.html,16,否,"P4-低优先(内链>15,多为已索引页)",
https://www.kestrelmetal.com/downloads.html,downloads.html,17,是,P4-低优先(导航/页脚全站链接),
https://www.kestrelmetal.com/welded-gabion-box.html,welded-gabion-box.html,19,是,P4-低优先(导航/页脚全站链接),
https://www.kestrelmetal.com/fence-posts.html,fence-posts.html,23,是,P4-低优先(导航/页脚全站链接),
https://www.kestrelmetal.com/fence-products.html,fence-products.html,24,是,P4-低优先(导航/页脚全站链接),
https://www.kestrelmetal.com/fence-security.html,fence-security.html,24,是,P4-低优先(导航/页脚全站链接),
https://www.kestrelmetal.com/welded-wire-mesh-panel.html,welded-wire-mesh-panel.html,24,是,P4-低优先(导航/页脚全站链接),
https://www.kestrelmetal.com/chain-link.html,chain-link.html,27,是,P4-低优先(导航/页脚全站链接),
https://www.kestrelmetal.com/blog-news.html,blog-news.html,52,是,P4-低优先(导航/页脚全站链接),
https://www.kestrelmetal.com/resources.html,resources.html,74,是,P4-低优先(导航/页脚全站链接),
https://www.kestrelmetal.com/products.html,products.html,109,是,P4-低优先(导航/页脚全站链接),
https://www.kestrelmetal.com/contact.html,contact.html,193,是,P4-低优先(导航/页脚全站链接),
https://www.kestrelmetal.com/top-10-wire-mesh-manufacturers-china-comprehensive-guide.html,top-10-wire-mesh-manufacturers-china-comprehensive-guide.html,3,是(博客索引卡片),P0-新增文章(2026-09-16~20上线),✓ 已收录(2026-09-23 Google)
https://www.kestrelmetal.com/top-10-welded-wire-mesh-manufacturers-china-2024-updated.html,top-10-welded-wire-mesh-manufacturers-china-2024-updated.html,3,是(博客索引卡片),P0-新增文章(2026-09-16~20上线),✓ 已收录(2026-09-23 Google)
https://www.kestrelmetal.com/razor-wire-guide-high-security-perimeter-fencing.html,razor-wire-guide-high-security-perimeter-fencing.html,4,是(博客索引卡片),P0-新增文章(2026-09-16~20上线),✓ 已收录(2026-09-23 Google)
https://www.kestrelmetal.com/358-fence-complete-guide-high-security-mesh-fencing.html,358-fence-complete-guide-high-security-mesh-fencing.html,4,是(博客索引卡片),P0-新增文章(2026-09-16~20上线),✓ 已收录(2026-09-23 Google)
https://www.kestrelmetal.com/install-3d-panel-fence-expert-guide-for-b2b.html,install-3d-panel-fence-expert-guide-for-b2b.html,3,是(博客索引卡片),P0-新增文章(2026-09-16~20上线),✓ 已收录(2026-09-23 Google)
https://www.kestrelmetal.com/galvanized-chain-link-fence-ultimate-b2b-buying-guide.html,galvanized-chain-link-fence-ultimate-b2b-buying-guide.html,4,是(博客索引卡片),P0-新增文章(2026-09-16~20上线),✓ 已收录(2026-09-23 Google)
https://www.kestrelmetal.com/galvanized-chain-link-fence-b2b-buyer-s-guide.html,galvanized-chain-link-fence-b2b-buyer-s-guide.html,4,是(博客索引卡片),P0-新增文章(2026-09-16~20上线),✓ 已收录(2026-09-23 Google)
https://www.kestrelmetal.com/galvanized-chain-link-fence-the-b2b-buyer-s-guide.html,galvanized-chain-link-fence-the-b2b-buyer-s-guide.html,3,是(博客索引卡片),P0-新增文章(2026-09-16~20上线),✓ 已收录(2026-09-23 Google)
https://www.kestrelmetal.com/galvanized-wire-the-ultimate-b2b-buying-guide.html,galvanized-wire-the-ultimate-b2b-buying-guide.html,4,是(博客索引卡片),P0-新增文章(2026-09-16~20上线),✓ 已收录(2026-09-23 Google)
https://www.kestrelmetal.com/galvanized-wire-ultimate-b2b-buying-guide-2025.html,galvanized-wire-ultimate-b2b-buying-guide-2025.html,3,是(博客索引卡片),P0-新增文章(2026-09-16~20上线),✓ 已收录(2026-09-23 Google)
https://www.kestrelmetal.com/gabion-boxes-supplier-your-b2b-sourcing-guide.html,gabion-boxes-supplier-your-b2b-sourcing-guide.html,4,是(博客索引卡片),P0-新增文章(2026-09-16~20上线),✓ 已收录(2026-09-23 Google)
https://www.kestrelmetal.com/gabion-boxes-supplier-your-guide-to-quality-cost.html,gabion-boxes-supplier-your-guide-to-quality-cost.html,4,是(博客索引卡片),P0-新增文章(2026-09-16~20上线),✓ 已收录(2026-09-23 Google)
https://www.kestrelmetal.com/gabion-boxes-supplier-your-trusted-b2b-partner.html,gabion-boxes-supplier-your-trusted-b2b-partner.html,4,是(博客索引卡片),P0-新增文章(2026-09-16~20上线),✓ 已收录(2026-09-23 Google)
https://www.kestrelmetal.com/cattle-fence-roll-durable-livestock-fencing-guide.html,cattle-fence-roll-durable-livestock-fencing-guide.html,3,是(博客索引卡片),P0-新增文章(2026-09-16~20上线),✓ 已收录(2026-09-23 Google)
